{"cameraMode":{"drawMode":0,"name":"Shaded","section":"Shading Mode"},"sceneLighting":true,"audioPlay":false,"sceneViewState":{"showFog":true,"showMaterialUpdate":false,"showSkybox":true,"showFlares":true,"showImageEffects":true,"showParticleSystems":true},"in2DMode":false,"pivot":{"x":-6.09512996673584,"y":5.888700485229492,"z":1.0338058471679688},"rotation":{"x":-0.00030944510945118964,"y":0.05157452076673508,"z":-0.000017428561477572657,"w":-0.9986742734909058},"size":19.118871688842775,"orthographic":false}